{
  "problem_idx": 4164,
  "num_chunks": 321,
  "avg_importance": 0.0005135496933149905,
  "max_importance": 0.9534883720930233,
  "min_importance": -0.9534883720930233,
  "top_influential_steps": [
    {
      "step_idx": 152,
      "step_text": {
        "chunk": "-25/288 *27= (-25*27)/288= -675/288= -225/96= -75/32",
        "chunk_idx": 152,
        "function_tags": [
          "active_computation"
        ],
        "depends_on": [
          "151"
        ],
        "absolute_importance_accuracy": 0.5263157894736843,
        "absolute_importance_kl": 0.5787366858160666,
        "different_trajectories_fraction": 0.06666666666666667,
        "overdeterminedness": 0.09999999999999998,
        "counterfactual_importance_accuracy": -0.2263157894736842,
        "counterfactual_importance_kl": 3.030229440101632,
        "forced_importance_accuracy": 0.0,
        "forced_importance_kl": 0.0,
        "accuracy": 0.7,
        "summary": "calculate -75/32"
      },
      "avg_outgoing_importance": 0.10439640768588136
    },
    {
      "step_idx": 119,
      "step_text": {
        "chunk": "Hmm, maybe better to find a common denominator.",
        "chunk_idx": 119,
        "function_tags": [
          "uncertainty_management"
        ],
        "depends_on": [
          "118"
        ],
        "absolute_importance_accuracy": 0.18072289156626498,
        "absolute_importance_kl": 0.6619505311509073,
        "different_trajectories_fraction": 1.0,
        "overdeterminedness": 0.2530120481927711,
        "counterfactual_importance_accuracy": -0.18072289156626498,
        "counterfactual_importance_kl": 0.6619505311509073,
        "forced_importance_accuracy": 0.0,
        "forced_importance_kl": 0.0,
        "accuracy": 0.8795180722891566,
        "summary": "find common denominator"
      },
      "avg_outgoing_importance": 0.07882275370137265
    },
    {
      "step_idx": 80,
      "step_text": {
        "chunk": "Wait, let's verify p(1):",
        "chunk_idx": 80,
        "function_tags": [
          "self_checking"
        ],
        "depends_on": [
          "77"
        ],
        "absolute_importance_accuracy": 0.032608695652173836,
        "absolute_importance_kl": 0.5346037491463806,
        "different_trajectories_fraction": 1.0,
        "overdeterminedness": 0.5760869565217391,
        "counterfactual_importance_accuracy": -0.032608695652173836,
        "counterfactual_importance_kl": 0.5346037491463806,
        "forced_importance_accuracy": 0.0,
        "forced_importance_kl": 1.6652718760599685,
        "accuracy": 0.9130434782608695,
        "summary": "check p(1)"
      },
      "avg_outgoing_importance": 0.07146739130434782
    },
    {
      "step_idx": 50,
      "step_text": {
        "chunk": "Now, we can find c using Eq5:",
        "chunk_idx": 50,
        "function_tags": [
          "active_computation"
        ],
        "depends_on": [
          "25",
          "49"
        ],
        "absolute_importance_accuracy": 0.036666666666666625,
        "absolute_importance_kl": 0.028765337328630968,
        "different_trajectories_fraction": 0.9090909090909091,
        "overdeterminedness": 0.23232323232323238,
        "counterfactual_importance_accuracy": -0.039696969696969675,
        "counterfactual_importance_kl": 0.032645737465070906,
        "forced_importance_accuracy": 0.0,
        "forced_importance_kl": 3.535303557396624,
        "accuracy": 0.9696969696969697,
        "summary": "find c using Eq5"
      },
      "avg_outgoing_importance": 0.06500897867564535
    },
    {
      "step_idx": 93,
      "step_text": {
        "chunk": "p(2)= (-25/288)(8) + (119/144)(4) + (-755/288)(2) + 415/144",
        "chunk_idx": 93,
        "function_tags": [
          "self_checking"
        ],
        "depends_on": [
          "77"
        ],
        "absolute_importance_accuracy": 0.07137129109863671,
        "absolute_importance_kl": 1.6255669534242172,
        "different_trajectories_fraction": 0.3625,
        "overdeterminedness": 0.08750000000000002,
        "counterfactual_importance_accuracy": 0.0031976744186046346,
        "counterfactual_importance_kl": 1.4590916931795463,
        "forced_importance_accuracy": 0.0,
        "forced_importance_kl": 7.657140457794279,
        "accuracy": 0.7875,
        "summary": "calculate p(2)= 25/144"
      },
      "avg_outgoing_importance": 0.06256787214424751
    }
  ],
  "top_dependent_steps": [
    {
      "step_idx": 1,
      "step_text": {
        "chunk": "Hmm, let's think about how to approach this.",
        "chunk_idx": 1,
        "function_tags": [
          "plan_generation"
        ],
        "depends_on": [],
        "absolute_importance_accuracy": 0.014942528735632177,
        "absolute_importance_kl": 1.5334084457852974,
        "different_trajectories_fraction": 0.3409090909090909,
        "overdeterminedness": 0.8522727272727273,
        "counterfactual_importance_accuracy": -0.001306165099268508,
        "counterfactual_importance_kl": 1.4444650458058403,
        "forced_importance_accuracy": 0.0,
        "forced_importance_kl": 0.7228250623181272,
        "accuracy": 0.8863636363636364,
        "summary": "consider approach"
      },
      "avg_incoming_importance": 0.1975524475524475
    },
    {
      "step_idx": 5,
      "step_text": {
        "chunk": "1. For n=1: a(1)\u00b3 + b(1)\u00b2 + c(1) + d = 1/1\u00b2 => a + b + c + d = 1\n2.",
        "chunk_idx": 5,
        "function_tags": [
          "fact_retrieval"
        ],
        "depends_on": [
          "4"
        ],
        "absolute_importance_accuracy": 0.01378799110452189,
        "absolute_importance_kl": 1.501472922131762,
        "different_trajectories_fraction": 0.8068181818181818,
        "overdeterminedness": 0.8636363636363636,
        "counterfactual_importance_accuracy": -0.01602870813397128,
        "counterfactual_importance_kl": 1.4343367538719,
        "forced_importance_accuracy": 0.0,
        "forced_importance_kl": 0.387230539235604,
        "accuracy": 0.9318181818181818,
        "summary": "derive a+b+c+d=1"
      },
      "avg_incoming_importance": 0.09213286713286713
    },
    {
      "step_idx": 6,
      "step_text": {
        "chunk": "For n=2: a(2)\u00b3 + b(2)\u00b2 + c(2) + d = 1/2\u00b2 => 8a + 4b + 2c + d = 1/4\n3.",
        "chunk_idx": 6,
        "function_tags": [
          "fact_retrieval"
        ],
        "depends_on": [
          "4"
        ],
        "absolute_importance_accuracy": 0.0,
        "absolute_importance_kl": 0.0,
        "different_trajectories_fraction": 0.0,
        "overdeterminedness": 0.9789473684210527,
        "counterfactual_importance_accuracy": 0.053598281417830296,
        "counterfactual_importance_kl": 1.7303398540936454,
        "forced_importance_accuracy": 0.0,
        "forced_importance_kl": 0.9655977392654737,
        "accuracy": 0.9157894736842105,
        "summary": "simplify equation to 8a +"
      },
      "avg_incoming_importance": 0.07692307692307693
    },
    {
      "step_idx": 4,
      "step_text": {
        "chunk": "So, that gives us four equations:",
        "chunk_idx": 4,
        "function_tags": [
          "fact_retrieval"
        ],
        "depends_on": [
          "3"
        ],
        "absolute_importance_accuracy": 0.06818181818181823,
        "absolute_importance_kl": 0.05556984656002798,
        "different_trajectories_fraction": 0.3684210526315789,
        "overdeterminedness": 0.5894736842105264,
        "counterfactual_importance_accuracy": -0.04712918660287091,
        "counterfactual_importance_kl": 0.4829693382076558,
        "forced_importance_accuracy": 0.0,
        "forced_importance_kl": 0.14500311325965493,
        "accuracy": 0.9789473684210527,
        "summary": "list four equations"
      },
      "avg_incoming_importance": 0.06892712550607288
    },
    {
      "step_idx": 7,
      "step_text": {
        "chunk": "For n=3: a(3)\u00b3 + b(3)\u00b2 + c(3) + d = 1/3\u00b2 => 27a + 9b + 3c + d = 1/9\n4.",