{
  "problem_idx": 4682,
  "num_chunks": 171,
  "avg_importance": 0.0028899561009447486,
  "max_importance": 0.8791208791208791,
  "min_importance": -0.71875,
  "top_influential_steps": [
    {
      "step_idx": 65,
      "step_text": {
        "chunk": "1. \\(2^{18}\\) - 1\n2.",
        "chunk_idx": 65,
        "function_tags": [
          "active_computation"
        ],
        "depends_on": [
          "64"
        ],
        "accuracy": 0.4375,
        "resampling_importance_accuracy": -0.008928571428571452,
        "resampling_importance_kl": 0.2160367709321516,
        "counterfactual_importance_accuracy": 0.012987012987012991,
        "counterfactual_importance_kl": 0.2706719712843291,
        "forced_importance_accuracy": 0.0,
        "forced_importance_kl": 0.0,
        "different_trajectories_fraction": 0.8020833333333334,
        "overdeterminedness": 0.8333333333333334,
        "summary": "calculate value=262143"
      },
      "avg_outgoing_importance": 0.1947672146914731
    },
    {
      "step_idx": 119,
      "step_text": {
        "chunk": "1. 419,430 \u00f7 262,144 (2^18) = 1, remainder 157,286\n2.",
        "chunk_idx": 119,
        "function_tags": [
          "active_computation"
        ],
        "depends_on": [
          "118"
        ],
        "accuracy": 0.3829787234042553,
        "resampling_importance_accuracy": -0.03603994789405124,
        "resampling_importance_kl": 0.03442651083174801,
        "counterfactual_importance_accuracy": 0.03603994789405124,
        "counterfactual_importance_kl": 0.03442651083174801,
        "forced_importance_accuracy": 0.0,
        "forced_importance_kl": 0.0,
        "different_trajectories_fraction": 1.0,
        "overdeterminedness": 0.3936170212765957,
        "summary": "divide 419430 by 262144"
      },
      "avg_outgoing_importance": 0.18804229192214175
    },
    {
      "step_idx": 42,
      "step_text": {
        "chunk": "So, starting with \\(2^{18}\\):",
        "chunk_idx": 42,
        "function_tags": [
          "plan_generation"
        ],
        "depends_on": [
          "41"
        ],
        "accuracy": 0.4375,
        "resampling_importance_accuracy": 0.011479591836734693,
        "resampling_importance_kl": 0.0002667803624578583,
        "counterfactual_importance_accuracy": -0.035936113575865125,
        "counterfactual_importance_kl": 0.006691145529518175,
        "forced_importance_accuracy": 0.0,
        "forced_importance_kl": 0.0,
        "different_trajectories_fraction": 0.9583333333333334,
        "overdeterminedness": 0.26041666666666663,
        "summary": "calculate 2^{18}"
      },
      "avg_outgoing_importance": 0.15542955463435373
    },
    {
      "step_idx": 0,
      "step_text": {
        "chunk": "Okay, so I have this problem where I need to find out how many base-2 digits, or bits, the base-16 number \\(66666_{16}\\) has when it's written in binary.",
        "chunk_idx": 0,
        "function_tags": [
          "problem_setup"
        ],
        "depends_on": [],
        "accuracy": 0.6170212765957447,
        "resampling_importance_accuracy": 0.09726443768996962,
        "resampling_importance_kl": 0.6520847815211912,
        "counterfactual_importance_accuracy": -0.28571428571428575,
        "counterfactual_importance_kl": 3.4096441510291795,
        "forced_importance_accuracy": 0.0,
        "forced_importance_kl": 2.678304695347667,
        "different_trajectories_fraction": 0.07446808510638298,
        "overdeterminedness": 0.2978723404255319,
        "summary": "convert 66666_{16} to binary"
      },
      "avg_outgoing_importance": 0.1298814452131098
    },
    {
      "step_idx": 166,
      "step_text": {
        "chunk": "I think my initial confusion was because when I converted the decimal number to binary, the leading zeros were omitted, which led me to think it was only 18 bits.",
        "chunk_idx": 166,
        "function_tags": [
          "uncertainty_management"
        ],
        "depends_on": [
          "165"
        ],
        "accuracy": 0.0,
        "resampling_importance_accuracy": 0.010101010101010102,
        "resampling_importance_kl": 0.010152371254486356,
        "counterfactual_importance_accuracy": -0.010101010101010102,
        "counterfactual_importance_kl": 0.008230498864931239,
        "forced_importance_accuracy": 0.0,
        "forced_importance_kl": 0.0,
        "different_trajectories_fraction": 0.7676767676767676,
        "overdeterminedness": 0.19191919191919193,
        "summary": "omit leading zeros"
      },
      "avg_outgoing_importance": 0.10858585858585865
    }
  ],
  "top_dependent_steps": [
    {
      "step_idx": 1,
      "step_text": {
        "chunk": "Hmm, let me think about how to approach this.",
        "chunk_idx": 1,
        "function_tags": [
          "plan_generation"
        ],
        "depends_on": [],
        "accuracy": 0.7142857142857143,
        "resampling_importance_accuracy": 0.06231003039513672,
        "resampling_importance_kl": 0.2815221148486633,
        "counterfactual_importance_accuracy": -0.06447453255963886,
        "counterfactual_importance_kl": 0.049772823001303486,
        "forced_importance_accuracy": 0.0,
        "forced_importance_kl": 0.033389222483393925,
        "different_trajectories_fraction": 0.7252747252747253,
        "overdeterminedness": 0.4285714285714286,
        "summary": "consider approach"
      },
      "avg_incoming_importance": 0.14846855272387185
    },
    {
      "step_idx": 6,
      "step_text": {
        "chunk": "Let me count the number of digits.",
        "chunk_idx": 6,
        "function_tags": [
          "plan_generation"
        ],
        "depends_on": [
          "5"
        ],
        "accuracy": 0.5119047619047619,
        "resampling_importance_accuracy": -0.02277432712215316,
        "resampling_importance_kl": 0.32646496482912424,
        "counterfactual_importance_accuracy": 0.1358695652173913,
        "counterfactual_importance_kl": 0.09846473827043536,
        "forced_importance_accuracy": 0.0,
        "forced_importance_kl": 0.0,
        "different_trajectories_fraction": 0.2857142857142857,
        "overdeterminedness": 0.8095238095238095,
        "summary": "count digits"
      },
      "avg_incoming_importance": 0.11123775751435327
    },
    {
      "step_idx": 5,
      "step_text": {
        "chunk": "The given number is \\(66666_{16}\\).",
        "chunk_idx": 5,
        "function_tags": [
          "fact_retrieval"
        ],
        "depends_on": [],
        "accuracy": 0.4842105263157895,
        "resampling_importance_accuracy": 0.027694235588972382,
        "resampling_importance_kl": 0.4258083191082569,
        "counterfactual_importance_accuracy": 0.08809523809523812,
        "counterfactual_importance_kl": 0.07601561682741893,
        "forced_importance_accuracy": 0.0,
        "forced_importance_kl": 0.0,
        "different_trajectories_fraction": 0.6842105263157895,
        "overdeterminedness": 0.4842105263157894,
        "summary": "convert 66666_{16}"
      },
      "avg_incoming_importance": 0.08942889137737961
    },
    {
      "step_idx": 4,
      "step_text": {
        "chunk": "So, if I can figure out how many digits are in the hexadecimal number, I can multiply that by 4 to get the number of bits.",
        "chunk_idx": 4,
        "function_tags": [
          "plan_generation"
        ],
        "depends_on": [
          "3"
        ],
        "accuracy": 0.7065217391304348,
        "resampling_importance_accuracy": -0.22231121281464533,
        "resampling_importance_kl": 0.1257365406321822,
        "counterfactual_importance_accuracy": 0.3372180451127819,
        "counterfactual_importance_kl": 0.1737188357442377,
        "forced_importance_accuracy": 0.0,
        "forced_importance_kl": 0.1972828260877841,
        "different_trajectories_fraction": 0.30434782608695654,
        "overdeterminedness": 0.6195652173913043,
        "summary": "multiply digits by 4"
      },